model,MAE,RMSE,MAPE(%)
Naive,1479.3068860997269,2082.829295761556,1.8535449757082392
LinearRegression,1489.8772124252635,2094.426884961329,1.864136794520911
SNaive7,3853.2813140368853,5067.35350953565,4.8780772704762105
ARIMA_512,17089.917350311654,20954.706002830517,19.262981722306353
