model,MAE,RMSE,MAPE(%)
Naive,1314.285508,1874.572705,1.795778
LinearRegression,1322.008682,1883.693071,1.805102
