model,MAE,RMSE,MAPE(%)
LinearRegression,1870.615061601696,2499.3962753720766,2.029734663242658
RandomForest,25214.69758912852,26690.794955968555,26.25310554881664
